the KA Global Club Rating 4Q 2025;;;;;;;;
;Club;Country;Conf/Fed Continent;Class;;Coef;+/- Place;
1;Paris Saint-Germain;FRA;UEFA;High Supreme;★★★★★★;1,880;≡;
2;Arsenal FC;ENG;UEFA;High Supreme;★★★★★★;1,827;+2;
3;Real Madrid CF;ESP;UEFA;High Supreme;★★★★★★;1,825;-1;
4;Bayern München;GER;UEFA;High Supreme;★★★★★★;1,750;-1;
5;Internazionale Milano;ITA;UEFA;High Supreme;★★★★★★;1,698;≡;
6;FC Barcelona;ESP;UEFA;High Supreme;★★★★★★;1,614;≡;
7;Manchester City;ENG;UEFA;High Supreme;★★★★★★;1,608;≡;
8;Borussia Dortmund;GER;UEFA;High Premium;★★★★★;1,538;+1;
9;Liverpool FC;ENG;UEFA;High Premium;★★★★★;1,525;-1;
10;Atlético de Madrid;ESP;UEFA;High Premium;★★★★★;1,504;≡;
11;Chelsea FC;ENG;UEFA;High Premium;★★★★★;1,438;≡;
12;Aston Villa;ENG;UEFA;High Premium;★★★★★;1,416;≡;
13;Flamengo;BRA;CONMEBOL;High Premium;★★★★★;1,386;+11;
14;Al-Hilal Saudi FC;KSA;AFC;High Premium;★★★★★;1,354;≡;
15;Palmeiras;BRA;CONMEBOL;Grand Master;★★★★;1,334;-2;
16;AS Roma;ITA;UEFA;Grand Master;★★★★;1,318;≡;
17;Manchester United;ENG;UEFA;Grand Master;★★★★;1,306;≡;
18;Benfica;POR;UEFA;Grand Master;★★★★;1,276;-3;
19;Bayer 04 Leverkusen;GER;UEFA;Grand Master;★★★★;1,257;+2;
20;FC Porto;POR;UEFA;Grand Master;★★★★;1,239;-2;
21;AC Milan;ITA;UEFA;Grand Master;★★★★;1,233;-1;
22;Atalanta BC;ITA;UEFA;Grand Master;★★★★;1,222;-3;
23;Juventus;ITA;UEFA;Grand Master;★★★★;1,217;-1;
24;Cruz Azul;MEX;CONCACAF;Grand Master;★★★★;1,213;-1;
25;PSV Eindhoven;NED;UEFA;Grand Master;★★★★;1,201;+8;
26;Tottenham Hotspur FC;ENG;UEFA;Grand Master;★★★★;1,171;+8;
27;Al-Ahli Saudi FC;KSA;AFC;Grand Master;★★★★;1,170;-2;
28;Sporting CP;POR;UEFA;Grand Master;★★★★;1,167;-1;
29;Al-Nassr Saudi FC;KSA;AFC;Grand Master;★★★★;1,136;+3;
30;Inter Miami CF;USA;CONCACAF;Grand Master;★★★★;1,126;+5;
31;RB Leipzig;GER;UEFA;Grand Master;★★★★;1,120;-1;
32;Lazio;ITA;UEFA;Principal Master;★★★;1,112;-3;
33;Vancouver Whitecaps;CAN;CONCACAF;Principal Master;★★★;1,105;+3;
34;Club Brugge;BEL;UEFA;Principal Master;★★★;1,101;-3;
35;Seattle Sounders FC;USA;CONCACAF;Principal Master;★★★;1,093;+3;
36;São Paulo FC;BRA;CONMEBOL;Principal Master;★★★;1,088;+28;
37;Al-Ahly SC;EGY;CAF;Principal Master;★★★;1,080;-9;
38;LOSC Lille;FRA;UEFA;Principal Master;★★★;1,076;+4;
39;SSC Napoli;ITA;UEFA;Principal Master;★★★;1,071;≡;
40;LDU Quito;ECU;CONMEBOL;Principal Master;★★★;1,064;+84;
41;Feyenoord;NED;UEFA;Principal Master;★★★;1,060;-4;
42;Sporting de Braga;POR;UEFA;Principal Master;★★★;1,050;+2;
43;Racing;ARG;CONMEBOL;Principal Master;★★★;1,039;+25;
44;Olympique de Marseille;FRA;UEFA;Principal Master;★★★;1,034;+2;
45;UANL Tigres;MEX;CONCACAF;Principal Master;★★★;1,024;+4;
46;Olympique Lyonnais;FRA;UEFA;Principal Master;★★★;1,019;+27;
47;Ajax;NED;UEFA;Principal Master;★★★;1,018;-6;
48;Real Betis Balompié;ESP;UEFA;Principal Master;★★★;1,018;+11;
49;Fluminense;BRA;CONMEBOL;Principal Master;★★★;1,014;-23;
50;Newcastle United FC;ENG;UEFA;Principal Master;★★★;1,013;+1;
51;Villarreal CF;ESP;UEFA;Principal Master;★★★;1,013;+4;
52;Real Sociedad de Fútbol;ESP;UEFA;Principal Master;★★★;1,010;-12;
53;Athletic Club;ESP;UEFA;Principal Master;★★★;1,009;+3;
54;Mamelodi Sundowns;RSA;CAF;Principal Master;★★★;1,003;-9;
55;Galatasaray AŞ;TUR;UEFA;Principal Master;★★★;1,002;+8;
56;Bologna FC 1909;ITA;UEFA;Master Standard;★★;0,999;+29;
57;Los Angeles FC;USA;CONCACAF;Master Standard;★★;0,996;-7;
58;VfB Stuttgart;GER;UEFA;Master Standard;★★;0,986;+38;
59;Eintracht Frankfurt;GER;UEFA;Master Standard;★★;0,985;-16;
60;Sevilla FC;ESP;UEFA;Master Standard;★★;0,975;+34;
61;Columbus Crew SC;USA;CONCACAF;Master Standard;★★;0,972;-9;
62;AS Monaco;MON;UEFA;Master Standard;★★;0,963;+13;
63;Atlético Mineiro;BRA;CONMEBOL;Master Standard;★★;0,957;-10;
64;Botafogo;BRA;CONMEBOL;Master Standard;★★;0,954;-7;
65;Espanyol;ESP;UEFA;Master Standard;★★;0,947;+42;
66;CF Monterrey;MEX;CONCACAF;Master Standard;★★;0,943;-12;
67;Olympiacos Piraeus;GRE;UEFA;Master Standard;★★;0,942;+12;
68;Fenerbahçe SK;TUR;UEFA;Master Standard;★★;0,940;+42;
69;Kawasaki Frontale;JPN;AFC;Master Standard;★★;0,939;-22;
70;Estudiantes;ARG;CONMEBOL;Master Standard;★★;0,939;+126;
71;Everton FC;ENG;UEFA;Master Standard;★★;0,939;+16;
72;Espérance ST;TUN;CAF;Master Standard;★★;0,938;-11;
73;Union St. Gilloise;BEL;UEFA;Master Standard;★★;0,937;-2;
74;AZ Alkmaar;NED;UEFA;Master Standard;★★;0,936;-9;
75;RC Lens;FRA;UEFA;Master Standard;★★;0,933;+33;
76;Brentford FC;ENG;UEFA;Master Standard;★★;0,932;-6;
77;Celta de Vigo;ESP;UEFA;Master Standard;★★;0,928;-10;
78;FC Cincinnati;USA;CONCACAF;Master Standard;★★;0,928;-16;
79;Pyramids FC;EGY;CAF;Master Standard;★★;0,922;+25;
80;Como 1907;ITA;UEFA;Master Standard;★★;0,919;+13;
81;Crystal Palace;ENG;UEFA;Master Standard;★★;0,915;-1;
82;Sunderland AFC;ENG;UEFA;Master Standard;★★;0,913;+89;
83;TSG 1899 Hoffenheim;GER;UEFA;Master Standard;★★;0,908;+68;
84;Fulham;ENG;UEFA;Master Standard;★★;0,902;-8;
85;River Plate;ARG;CONMEBOL;Upper Athletic;★☆;0,895;-37;
86;US Sassuolo Calcio;ITA;UEFA;Upper Athletic;★☆;0,891;+62;
87;Getafe CF;ESP;UEFA;Upper Athletic;★☆;0,889;+12;
88;Los Angeles Galaxy;USA;CONCACAF;Upper Athletic;★☆;0,887;+1;
89;Brighton Hove;ENG;UEFA;Upper Athletic;★☆;0,883;-29;
90;Osasuna;ESP;UEFA;Upper Athletic;★☆;0,881;-13;
91;América;MEX;CONCACAF;Upper Athletic;★☆;0,880;-3;
92;Nottingham Forest;ENG;UEFA;Upper Athletic;★☆;0,879;-34;
93;Stade Rennais;FRA;UEFA;Upper Athletic;★☆;0,879;+49;
94;Boca Juniors;ARG;CONMEBOL;Upper Athletic;★☆;0,877;-3;
95;Elche CF;ESP;UEFA;Upper Athletic;★☆;0,876;+79;
96;Viktoria Plzeň;CZE;UEFA;Upper Athletic;★☆;0,875;+22;
97;Union Berlin;GER;UEFA;Upper Athletic;★☆;0,874;+41;
98;AFC Bournemouth;ENG;UEFA;Upper Athletic;★☆;0,871;-32;
99;Udinese Calcio;ITA;UEFA;Upper Athletic;★☆;0,871;+6;
100;RCD Mallorca;ESP;UEFA;Upper Athletic;★☆;0,871;-18;
101;Racing Strasbourg;FRA;UEFA;Upper Athletic;★☆;0,865;+1;
102;SC Freiburg;GER;UEFA;Upper Athletic;★☆;0,865;-24;
103;Philadelphia Union;USA;CONCACAF;Upper Athletic;★☆;0,863;-22;
104;Pumas UNAM;MEX;CONCACAF;Upper Athletic;★☆;0,862;+7;
105;Celtic FC;SCO;UEFA;Upper Athletic;★☆;0,860;+31;
106;Slavia Praha;CZE;UEFA;Upper Athletic;★☆;0,860;+27;
107;Stade Brest;FRA;UEFA;Upper Athletic;★☆;0,860;+13;
108;Alavés;ESP;UEFA;Upper Athletic;★☆;0,860;+9;
109;NEC;NED;UEFA;Upper Athletic;★☆;0,860;+168;
110;Leeds Utd;ENG;UEFA;Upper Athletic;★☆;0,859;+15;
111;FC Famalicão;POR;UEFA;Upper Athletic;★☆;0,857;+8;
112;Toulouse FC;FRA;UEFA;Upper Athletic;★☆;0,856;+15;
113;Torino FC;ITA;UEFA;Upper Athletic;★☆;0,853;-16;
114;Werder Bremen;GER;UEFA;Upper Athletic;★☆;0,852;-19;
115;Rayo Vallecano;ESP;UEFA;Upper Athletic;★☆;0,851;-41;
116;Vitória SC;POR;UEFA;Upper Athletic;★☆;0,846;-7;
117;Dinamo Zagreb;CRO;UEFA;Upper Athletic;★☆;0,845;-31;
118;West Ham United FC;ENG;UEFA;Upper Athletic;★☆;0,843;-28;
119;Internacional Porto Alegre;BRA;CONMEBOL;Upper Athletic;★☆;0,843;-7;
120;Cagliari Calcio;ITA;UEFA;Upper Athletic;★☆;0,843;+8;
121;Shakhtar Donetsk;UKR;UEFA;Upper Athletic;★☆;0,841;+16;
122;Anderlecht;BEL;UEFA;Upper Athletic;★☆;0,839;+4;
123;Moreirense;POR;UEFA;Upper Athletic;★☆;0,836;+143;
124;Fiorentina;ITA;UEFA;Upper Athletic;★☆;0,835;-55;
125;FC København;DEN;UEFA;Upper Athletic;★☆;0,836;-53;
126;Parma Calcio 1913;ITA;UEFA;Advanced Athletic;★;0,833;+8;
127;Angers SCO;FRA;UEFA;Advanced Athletic;★;0,833;+28;
128;Borussia Mönchengladbach;GER;UEFA;Advanced Athletic;★;0,832;-15;
129;Valencia CF;ESP;UEFA;Advanced Athletic;★;0,832;-37;
130;PAOK FC;GRE;UEFA;Advanced Athletic;★;0,831;+52;
131;Burnley FC;ENG;UEFA;Advanced Athletic;★;0,831;-2;
132;Cremonese;ITA;UEFA;Advanced Athletic;★;0,831;+53;
133;Midtjylland;DEN;UEFA;Advanced Athletic;★;0,826;+69;
134;Colorado Rapids;USA;CONCACAF;Advanced Athletic;★;0,825;+7;
135;KAA Gent;BEL;UEFA;Advanced Athletic;★;0,824;+8;
136;Wolverhampton Wanderers;ENG;UEFA;Advanced Athletic;★;0,824;-33;
137;Girona FC;ESP;UEFA;Advanced Athletic;★;0,823;-16;
138;US Lecce;ITA;UEFA;Advanced Athletic;★;0,823;+6;
139;Trabzonspor;TUR;UEFA;Advanced Athletic;★;0,816;+26;
140;Gil Vicente;POR;UEFA;Advanced Athletic;★;0,815;+147;
141;Crvena Zvezda;SRB;UEFA;Advanced Athletic;★;0,813;+46;
142;Minnesota United;USA;CONCACAF;Advanced Athletic;★;0,813;-3;
143;Genoa CFC;ITA;UEFA;Advanced Athletic;★;0,812;-28;
144;VfL Wolfsburg;GER;UEFA;Advanced Athletic;★;0,811;-22;
145;FC Köln;GER;UEFA;Advanced Athletic;★;0,810;+44;
146;Vélez Sársfield;ARG;CONMEBOL;Advanced Athletic;★;0,809;+83;
147;Hellas Verona;ITA;UEFA;Advanced Athletic;★;0,804;-24;
148;Al-Sadd;QAT;AFC;Advanced Athletic;★;0,801;-50;
149;San Diego FC;USA;CONCACAF;Advanced Athletic;★;0,800;+10;
150;OGC Nice;FRA;UEFA;Advanced Athletic;★;0,800;-67;
151;Coventry City FC;ENG;UEFA;Advanced Athletic;★;0,800;+151;
152;Nashville SC;USA;CONCACAF;Advanced Athletic;★;0,799;+82;
153;FC Augsburg;GER;UEFA;Advanced Athletic;★;0,798;-23;
154;Rangers FC;SCO;UEFA;Advanced Athletic;★;0,797;-2;
155;Corinthians;BRA;CONMEBOL;Advanced Athletic;★;0,796;+6;
156;Middlesbrough FC;ENG;UEFA;Advanced Athletic;★;0,792;+183;
157;Peñarol;URU;CONMEBOL;Advanced Athletic;★;0,789;-8;
158;Independiente del Valle;ECU;CONMEBOL;Advanced Athletic;★;0,789;+14;
159;Hamburger SV;GER;UEFA;Advanced Athletic;★;0,788;+40;
160;FC St. Pauli;GER;UEFA;Advanced Athletic;★;0,786;-15;
161;Cerro Porteño;PAR;CONMEBOL;Advanced Athletic;★;0,783;+9;
162;FC Lorient;FRA;UEFA;Advanced Athletic;★;0,783;+33;
163;Real Oviedo;ESP;UEFA;Advanced Athletic;★;0,782;+18;
164;Alajuelense;CRC;CONCACAF;Advanced Athletic;★;0,781;+63;
165;Ferencvárosi TC;HUN;UEFA;Advanced Athletic;★;0,780;+48;
166;Le Havre AC;FRA;UEFA;Advanced Athletic;★;0,779;-8;
167;Bodø/Glimt;NOR;UEFA;Advanced Athletic;★;0,777;+16;
168;Jeonbuk Hyundai Motors;KOR;AFC;Advanced Athletic;★;0,777;-14;
169;Go Ahead Eagles;NED;UEFA;Advanced Athletic;★;0,777;-38;
170;Heidenheim 1846;GER;UEFA;Advanced Athletic;★;0,775;-13;
171;Guadalajara;MEX;CONCACAF;Advanced Athletic;★;0,773;+26;
172;RB Salzburg;AUT;UEFA;Advanced Athletic;★;0,772;-10;
173;Levante UD;ESP;UEFA;Advanced Athletic;★;0,772;-4;
174;KRC Genk;BEL;UEFA;Advanced Athletic;★;0,771;-60;
175;CF Pachuca;MEX;CONCACAF;Advanced Athletic;★;0,771;-59;
176;Mainz 05;GER;UEFA;Advanced Athletic;★;0,771;-92;
177;FC Utrecht;NED;UEFA;Advanced Athletic;★;0,771;-71;
178;New York City FC;USA;CONCACAF;Advanced Athletic;★;0,771;-77;
179;Santa Clara;POR;UEFA;Advanced Athletic;★;0,771;-79;
180;Cruzeiro;BRA;CONMEBOL;Qualified Athletic;☆;0,770;-3;
181;Al-Ittihad;KSA;AFC;Qualified Athletic;☆;0,768;-28;
182;AEK Athens FC;GRE;UEFA;Qualified Athletic;☆;0,767;+4;
183;AJ Auxerre;FRA;UEFA;Qualified Athletic;☆;0,767;-48;
184;Pisa SC;ITA;UEFA;Qualified Athletic;☆;0,763;≡;
185;Watford FC;ENG;UEFA;Qualified Athletic;☆;0,761;+172;
186;Qarabağ FK;AZE;UEFA;Qualified Athletic;☆;0,757;-26;
187;FC Nantes;FRA;UEFA;Qualified Athletic;☆;0,757;-37;
188;Sparta Praha;CZE;UEFA;Qualified Athletic;☆;0,756;+23;
189;Deportivo Toluca;MEX;CONCACAF;Qualified Athletic;☆;0,754;+1;
190;Buriram United;THA;AFC;Qualified Athletic;☆;0,747;-24;
191;Bristol City;ENG;UEFA;Qualified Athletic;☆;0,744;+124;
192;Orlando Pirates;RSA;CAF;Qualified Athletic;☆;0,743;-14;
193;Millwall;ENG;UEFA;Qualified Athletic;☆;0,740;+136;
194;RS Berkane;MAR;CAF;Qualified Athletic;☆;0,738;-6;
195;Johor Darul Ta'zim;MAS;AFC;Qualified Athletic;☆;0,736;-28;
196;Atlético Paranaense;BRA;CONMEBOL;Qualified Athletic;☆;0,736;+141;
197;Paris FC;FRA;UEFA;Qualified Athletic;☆;0,732;+4;
198;Mirassol FC;BRA;CONMEBOL;Qualified Athletic;☆;0,732;+10;
199;Al-Taawoun;KSA;AFC;Qualified Athletic;☆;0,731;+25;
200;Libertad;PAR;CONMEBOL;Qualified Athletic;☆;0,729;-7;
201;FC Groningen;NED;UEFA;Qualified Athletic;☆;0,727;+193;
202;Sint-Truidense VV;BEL;UEFA;Qualified Athletic;☆;0,727;+240;
203;Ipswich Town;ENG;UEFA;Qualified Athletic;☆;0,727;+54;
204;Persepolis;IRN;AFC;Qualified Athletic;☆;0,715;-25;
205;Lanús;ARG;CONMEBOL;Qualified Athletic;☆;0,715;+34;
206;Panathinaikos FC;GRE;UEFA;Qualified Athletic;☆;0,714;-31;
207;Pafos;CYP;UEFA;Qualified Athletic;☆;0,706;+36;
208;Al-Ain;UAE;AFC;Qualified Athletic;☆;0,705;+113;
209;KV Mechelen;BEL;UEFA;Qualified Athletic;☆;0,705;+176;
210;Pakhtakor;UZB;AFC;Qualified Athletic;☆;0,694;-3;
211;Saprissa;CRC;CONCACAF;Qualified Athletic;☆;0,692;-17;
212;Ludogorets 1945;BUL;UEFA;Qualified Athletic;☆;0,688;+20;
213;Zamalek;EGY;CAF;Qualified Athletic;☆;0,688;-10;
214;Göztepe;TUR;UEFA;Qualified Athletic;☆;0,688;+191;
215;Al-Gharafa;QAT;AFC;Qualified Athletic;☆;0,681;+7;
216;West Bromwich Albion;ENG;UEFA;Qualified Athletic;☆;0,681;+120;
217;Esteghlal;IRN;AFC;Qualified Athletic;☆;0,679;+123;
218;Gwangju FC;KOR;AFC;Qualified Athletic;☆;0,678;-26;
219;Bolívar;BOL;CONMEBOL;Qualified Athletic;☆;0,678;-7;
220;Vissel Kobe;JPN;AFC;Qualified Athletic;☆;0,674;-20;
221;Sepahan;IRN;AFC;Qualified Athletic;☆;0,672;-5;
222;Yokohama F. Marinos;JPN;AFC;Qualified Athletic;☆;0,670;-17;
223;Sydney FC;AUS;AFC;Qualified Athletic;☆;0,664;+130;
224;Hull City AFC;ENG;UEFA;Qualified Athletic;☆;0,664;+386;
225;Leicester City FC;ENG;UEFA;Qualified Athletic;☆;0,663;+20;
226;Raja Casablanca;MAR;CAF;Qualified Athletic;☆;0,662;-22;
227;Pohang Steelers;KOR;AFC;Qualified Athletic;☆;0,655;+81;
228;Maccabi Tel-Aviv FC;ISR;UEFA;Qualified Athletic;☆;0,653;-7;
229;Al-Wasl FC;UAE;AFC;Qualified Athletic;☆;0,653;-9;
230;Nasaf Qarshi;UZB;AFC;Qualified Athletic;☆;0,653;-32;
231;Al-Shabab Riyadh;KSA;AFC;Qualified Athletic;☆;0,653;-63;
232;Shabab Al-Ahli Dubai;UAE;AFC;Qualified Athletic;☆;0,650;-26;
233;Urawa Red Diamonds;JPN;AFC;Qualified Athletic;☆;0,649;-16;
234;Al-Rayyan;QAT;AFC;Qualified Athletic;☆;0,648;-8;
235;Al Wahda Abu Dhabi;UAE;AFC;Qualified Athletic;☆;0,646;+65;
236;Young Boys;SUI;UEFA;Qualified Athletic;☆;0,645;+14;
237;Al-Duhail;QAT;AFC;Qualified Athletic;☆;0,643;-64;
238;Preston NE;ENG;UEFA;Qualified Athletic;☆;0,643;+350;
239;AS FAR;MAR;CAF;Qualified Athletic;☆;0,641;-16;
240;Hapoel Beer-Sheva FC;ISR;UEFA;Qualified Athletic;☆;0,640;+80;
241;Tractor;IRN;AFC;Qualified Athletic;☆;0,636;+5;
242;Ulsan HD;KOR;AFC;Qualified Athletic;☆;0,635;-78;
243;Beşiktaş JK;TUR;UEFA;Qualified Athletic;☆;0,635;-97;
244;Olimpia Tegucigalpa;HON;CONCACAF;Qualified Athletic;☆;0,635;-88;
245;Nacional Montevideo;URU;CONMEBOL;Qualified Athletic;☆;0,635;-31;
246;Bangkok Glass;THA;AFC;Qualified Athletic;☆;0,635;-37;
247;Club León;MEX;CONCACAF;Qualified Athletic;☆;0,635;-84;
248;Samsunspor;TUR;UEFA;Qualified Athletic;☆;0,635;-108;
249;Royal Antwerp FC;BEL;UEFA;Qualified Athletic;☆;0,635;-117;
250;Estoril Praia;POR;UEFA;Qualified Athletic;☆;0,635;-103;
251;Charlotte FC;USA;CONCACAF;Bench;⩤⩥;0,634;+5;
252;Grêmio;BRA;CONMEBOL;Bench;⩤⩥;0,633;-33;
253;Bahia;BRA;CONMEBOL;Bench;⩤⩥;0,632;≡;
254;Twente;NED;UEFA;Bench;⩤⩥;0,631;-16;
255;Wydad Casablanca;MAR;CAF;Bench;⩤⩥;0,630;-22;
256;CR Bélouizdad;ALG;CAF;Bench;⩤⩥;0,629;+78;
257;Club Tijuana;MEX;CONCACAF;Bench;⩤⩥;0,628;+14;
258;İstanbul Başakşehir;TUR;UEFA;Bench;⩤⩥;0,627;-14;
259;TP Mazembe;COD;CAF;Bench;⩤⩥;0,626;+102;
260;Puebla;MEX;CONCACAF;Bench;⩤⩥;0,625;+68;
261;Rosario Central;ARG;CONMEBOL;Bench;⩤⩥;0,624;+113;
262;Sharjah FC;UAE;AFC;Bench;⩤⩥;0,623;-82;
263;MC Alger;ALG;CAF;Bench;⩤⩥;0,622;+26;
264;Estrela;POR;UEFA;Bench;⩤⩥;0,621;+115;
265;Standard Liège;BEL;UEFA;Bench;⩤⩥;0,620;+133;
266;Petro Luanda;ANG;CAF;Bench;⩤⩥;0,619;+67;
267;Simba;TAN;CAF;Bench;⩤⩥;0,618;+81;
268;sc Heerenveen;NED;UEFA;Bench;⩤⩥;0,617;+18;
269;Rio Ave FC;POR;UEFA;Bench;⩤⩥;0,616;+3;
270;Machida Zelvia;JPN;AFC;Bench;⩤⩥;0,615;+110;
271;Sparta Rotterdam;NED;UEFA;Bench;⩤⩥;0,614;+118;
272;FC Alverca;POR;UEFA;Bench;⩤⩥;0,613;+121;
273;Young Africans;TAN;CAF;Bench;⩤⩥;0,612;+58;
274;Jagiellonia Białystok;POL;UEFA;Bench;⩤⩥;0,611;-5;
275;Nacional da Madeira;POR;UEFA;Bench;⩤⩥;0,610;+17;
276;Fortaleza;BRA;CONMEBOL;Bench;⩤⩥;0,609;-66;
277;Sanfrecce Hiroshima;JPN;AFC;Bench;⩤⩥;0,608;+131;
278;Shandong Taishan;CHN;AFC;Bench;⩤⩥;0,607;+71;
279;Dynamo Kyiv;UKR;UEFA;Bench;⩤⩥;0,606;-51;
280;Basel 1893;SUI;UEFA;Bench;⩤⩥;0,605;-43;
281;Casa Pia;POR;UEFA;Bench;⩤⩥;0,604;-19;
282;USM Alger;ALG;CAF;Bench;⩤⩥;0,603;+78;
283;Brann;NOR;UEFA;Bench;⩤⩥;0,602;+133;
284;Metz;FRA;UEFA;Bench;⩤⩥;0,601;-32;
285;Shanghai Shenhua;CHN;AFC;Bench;⩤⩥;0,600;+50;
286;Al Qadsiah;KSA;AFC;Bench;⩤⩥;0,599;-110;
287;Sturm Graz;AUT;UEFA;Bench;⩤⩥;0,598;-62;
288;QPR;ENG;UEFA;Bench;⩤⩥;0,597;+264;
289;Malmö FF;SWE;UEFA;Bench;⩤⩥;0,596;+20;
290;Heart of Midlothian FC;SCO;UEFA;Bench;⩤⩥;0,595;+100;
291;Stoke City;ENG;UEFA;Bench;⩤⩥;0,594;+284;
292;Kuwait SC;KUW;AFC;Bench;⩤⩥;0,593;-74;
293;Levadiakos;GRE;UEFA;Bench;⩤⩥;0,592;+158;
294;Wrexham AFC;WAL;UEFA;Bench;⩤⩥;0,591;+322;
295;FC Seoul;KOR;AFC;Bench;⩤⩥;0,590;+29;
296;Volos FC;GRE;UEFA;Bench;⩤⩥;0,589;+189;
297;FCSB;ROU;UEFA;Bench;⩤⩥;0,588;-66;
298;Atlas;MEX;CONCACAF;Bench;⩤⩥;0,587;+28;
299;Southampton FC;ENG;UEFA;Bench;⩤⩥;0,586;-34;
300;Derby County;ENG;UEFA;Bench;⩤⩥;0,585;+280;
301;Universitatea Craiova;ROU;UEFA;Bench;⩤⩥;0,584;+186;
302;Al-Hussein Irbid;JOR;AFC;Bench;⩤⩥;0,583;-24;
303;Universidad Católica del Ecuador;ECU;CONMEBOL;Bench;⩤⩥;0,582;+42;
304;Melbourne City;AUS;AFC;Bench;⩤⩥;0,581;+83;
305;Birmingham City;ENG;UEFA;Bench;⩤⩥;0,580;+308;
306;Unión;ARG;CONMEBOL;Bench;⩤⩥;0,579;-64;
307;Al-Wehdat;JOR;AFC;Bench;⩤⩥;0,578;+12;
308;Aris Saloniki;GRE;UEFA;Bench;⩤⩥;0,577;-35;
309;FK Jablonec;CZE;UEFA;Bench;⩤⩥;0,576;-18;
310;Hibernian FC;SCO;UEFA;Bench;⩤⩥;0,575;-95;
311;Motherwell FC;SCO;UEFA;Bench;⩤⩥;0,574;+104;
312;AGF Aarhus;DEN;UEFA;Bench;⩤⩥;0,573;+132;
313;Dundee United FC;SCO;UEFA;Bench;⩤⩥;0,572;-55;
314;Karviná;CZE;UEFA;Bench;⩤⩥;0,571;+160;
315;Deportivo Riestra;ARG;CONMEBOL;Bench;⩤⩥;0,570;-80;
316;Sigma Olomouc;CZE;UEFA;Bench;⩤⩥;0,569;-26;
317;Al Hilal Omdurman;SDN;CAF;Bench;⩤⩥;0,568;-126;
318;Omonia;CYP;UEFA;Bench;⩤⩥;0,567;+20;
319;Viking;NOR;UEFA;Bench;⩤⩥;0,566;-78;
320;Brøndby IF;DEN;UEFA;Bench;⩤⩥;0,565;-52;
321;Slovan Liberec;CZE;UEFA;Bench;⩤⩥;0,564;+137;
322;Navbahor Namangan;UZB;AFC;Bench;⩤⩥;0,563;+24;
323;Aberdeen FC;SCO;UEFA;Bench;⩤⩥;0,562;-47;
324;Partizan;SRB;UEFA;Bench;⩤⩥;0,561;+96;
325;Al-Shamal SC;QAT;AFC;Bench;⩤⩥;0,560;+130;
326;Beitar Jerusalem FC;ISR;UEFA;Bench;⩤⩥;0,559;+174;
327;Kashima Antlers;JPN;AFC;Bench;⩤⩥;0,558;-91;
328;FC Thun;SUI;UEFA;Bench;⩤⩥;0,557;+673;
329;Ceramica Cleopatra;EGY;CAF;Bench;⩤⩥;0,556;+449;
330;Mjällby AIF;SWE;UEFA;Bench;⩤⩥;0,555;-69;
331;Frosinone;ITA;UEFA;Bench;⩤⩥;0,554;+670;
332;Wisła Płock;POL;UEFA;Bench;⩤⩥;0,553;+669;
333;Schalke 04;GER;UEFA;Bench;⩤⩥;0,552;+668;
334;ESTAC;FRA;UEFA;Bench;⩤⩥;0,551;+447;
335;Racing de Santander;ESP;UEFA;Bench;⩤⩥;0,550;+65;
336;Neftchi Farg'ona;UZB;AFC;Bench;⩤⩥;0,549;-19;
337;Győri ETO FC;HUN;UEFA;Bench;⩤⩥;0,548;+198;
338;Hammarby IF;SWE;UEFA;Bench;⩤⩥;0,547;-45;
339;UD Las Palmas;ESP;UEFA;Bench;⩤⩥;0,546;-79;
340;Kashiwa Reysol;JPN;AFC;Bench;⩤⩥;0,545;-36;
341;LASK Linz;AUT;UEFA;Bench;⩤⩥;0,544;+91;
342;FC St Gallen;SUI;UEFA;Bench;⩤⩥;0,543;+221;
343;Górnik Zabrze;POL;UEFA;Bench;⩤⩥;0,542;+658;
344;SV Elversberg;GER;UEFA;Bench;⩤⩥;0,541;+29;
345;Red Star;FRA;UEFA;Bench;⩤⩥;0,540;+656;
346;LNZ Cherkasy;UKR;UEFA;Bench;⩤⩥;0,539;+428;
347;SønderjyskE;DEN;UEFA;Bench;⩤⩥;0,538;+172;
348;Legia Warszawa;POL;UEFA;Bench;⩤⩥;0,537;-42;
349;Daejeon Citizen;KOR;AFC;Bench;⩤⩥;0,536;+104;
350;Hajduk Split;CRO;UEFA;Bench;⩤⩥;0,535;-75;
351;Deportivo La Coruña;ESP;UEFA;Bench;⩤⩥;0,534;+650;
352;Kyoto Sanga;JPN;AFC;Bench;⩤⩥;0,533;-69;
353;Port FC;THA;AFC;Bench;⩤⩥;0,532;+1;
354;Polissya Zhytomyr;UKR;UEFA;Bench;⩤⩥;0,531;-53;
355;Al-Faisaly Amman;JOR;AFC;Bench;⩤⩥;0,530;-11;
356;Al-Jazira;UAE;AFC;Bench;⩤⩥;0,529;≡;
357;HNK Rijeka;CRO;UEFA;Bench;⩤⩥;0,528;-127;
358;FK Krasnodar;RUS;UEFA;Bench;⩤⩥;0,527;-47;
359;Selangor;MAS;AFC;Bench;⩤⩥;0,526;-12;
360;Istra 1961;CRO;UEFA;Bench;⩤⩥;0,525;+85;
361;Stade de Reims;FRA;UEFA;Bench;⩤⩥;0,524;-102;
362;TSV Hartberg;AUT;UEFA;Bench;⩤⩥;0,523;+139;
363;Slaven Koprivnica;CRO;UEFA;Bench;⩤⩥;0,522;+43;
364;Montpellier Hérault SC;FRA;UEFA;Bench;⩤⩥;0,521;-82;
365;Istiklol;TJK;AFC;Bench;⩤⩥;0,520;≡;
366;Empoli FC;ITA;UEFA;Bench;⩤⩥;0,519;-117;
367;Al-Wakrah;QAT;AFC;Bench;⩤⩥;0,518;-35;
368;Lion City Sailors;SIN;AFC;Bench;⩤⩥;0,517;-2;
369;Independiente Rivadavia;ARG;CONMEBOL;Bench;⩤⩥;0,516;+376;
370;Orlando City SC;USA;CONCACAF;Scarf;⌘;0,5151;-107;
371;New York Red Bulls;USA;CONCACAF;Scarf;⌘;0,5142;-44;
372;Portland Timbers;USA;CONCACAF;Scarf;⌘;0,5133;+3;
373;Real Salt Lake;USA;CONCACAF;Scarf;⌘;0,5124;+46;
374;New England Revolution;USA;CONCACAF;Scarf;⌘;0,5115;+52;
375;Red Bull Bragantino;BRA;CONMEBOL;Scarf;⌘;0,5106;-3;
376;Central Córdoba;ARG;CONMEBOL;Scarf;⌘;0,5097;-63;
377;Toronto FC;CAN;CONCACAF;Scarf;⌘;0,5088;-36;
378;Atlético Nacional;COL;CONMEBOL;Scarf;⌘;0,5079;-36;
379;Santos FC;BRA;CONMEBOL;Scarf;⌘;0,5070;+54;
380;Houston Dynamo;USA;CONCACAF;Scarf;⌘;0,5061;+50;
381;Motagua;HON;CONCACAF;Scarf;⌘;0,5052;-30;
382;Barcelona Guayaquil;ECU;CONMEBOL;Scarf;⌘;0,5043;-66;
383;Sporting Kansas City;USA;CONCACAF;Scarf;⌘;0,5034;+77;
384;FC Juárez;MEX;CONCACAF;Scarf;⌘;0,5025;-8;
385;Vasco da Gama;BRA;CONMEBOL;Scarf;⌘;0,5016;+33;
386;Auckland City;NZL;OFC;Scarf;⌘;0,5007;-23;
387;Talleres;ARG;CONMEBOL;Scarf;⌘;0,4998;+118;
388;Cartaginés;CRC;CONCACAF;Scarf;⌘;0,4989;+35;
389;Atlanta United FC;USA;CONCACAF;Scarf;⌘;0,4980;+63;
390;CF Montréal;CAN;CONCACAF;Scarf;⌘;0,4971;+80;
391;San Lorenzo;ARG;CONMEBOL;Scarf;⌘;0,4962;-127;
392;Junior;COL;CONMEBOL;Scarf;⌘;0,4953;-22;
393;Fortuna Sittard;NED;UEFA;Scarf;⌘;0,4944;-10;
394;Chicago Fire;USA;CONCACAF;Scarf;⌘;0,4935;-98;
395;Al-Fayha;KSA;AFC;Scarf;⌘;0,4926;+69;
396;Austin FC;USA;CONCACAF;Scarf;⌘;0,4917;≡;
397;Argentinos Juniors;ARG;CONMEBOL;Scarf;⌘;0,4908;+20;
398;Westerlo;BEL;UEFA;Scarf;⌘;0,4899;-103;
399;Atlético San Luis;MEX;CONCACAF;Scarf;⌘;0,4890;+35;
400;Excelsior Rotterdam;NED;UEFA;Scarf;⌘;0,4881;+47;
401;Kocaelispor;TUR;UEFA;Scarf;⌘;0,4872;+341;
402;Vitória;BRA;CONMEBOL;Scarf;⌘;0,4863;+69;
403;Royal Charleroi SC;BEL;UEFA;Scarf;⌘;0,4854;-136;
404;FC Dallas;USA;CONCACAF;Scarf;⌘;0,4845;+42;
405;Xelaju MC;GUA;CONCACAF;Scarf;⌘;0,4836;+194;
406;Gaziantep FK;TUR;UEFA;Scarf;⌘;0,4827;-54;
407;PEC Zwolle;NED;UEFA;Scarf;⌘;0,4818;-113;
408;Antigua Guatemala;GUA;CONCACAF;Scarf;⌘;0,4809;+173;
409;FC Arouca;POR;UEFA;Scarf;⌘;0,4800;-128;
410;Mazatlán FC;MEX;CONCACAF;Scarf;⌘;0,4791;+78;
411;Telstar;NED;UEFA;Scarf;⌘;0,4782;+50;
412;Independiente Medellín;COL;CONMEBOL;Scarf;⌘;0,4773;+97;
413;Zulte Waregem;BEL;UEFA;Scarf;⌘;0,4764;+55;
414;Alanyaspor;TUR;UEFA;Scarf;⌘;0,4755;+92;
415;Tondela;POR;UEFA;Scarf;⌘;0,4746;-27;
416;Marathón;HON;CONCACAF;Scarf;⌘;0,4737;+5;
417;Santos Laguna;MEX;CONCACAF;Scarf;⌘;0,4728;+49;
418;San Jose Earthquakes;USA;CONCACAF;Scarf;⌘;0,4719;+18;
419;Atlético Bucaramanga;COL;CONMEBOL;Scarf;⌘;0,4710;+16;
420;Al-Ettifaq;KSA;AFC;Scarf;⌘;0,4701;-29;
421;FC Volendam;NED;UEFA;Scarf;⌘;0,4692;+17;
422;Herediano;CRC;CONCACAF;Scarf;⌘;0,4683;-63;
423;Gençlerbirliği;TUR;UEFA;Scarf;⌘;0,4674;+325;
424;AVS;POR;UEFA;Scarf;⌘;0,4665;-40;
425;Necaxa;MEX;CONCACAF;Scarf;⌘;0,4656;+64;
426;Cercle Brugge;BEL;UEFA;Scarf;⌘;0,4647;-14;
427;RAAL La Louvière;BEL;UEFA;Scarf;⌘;0,4638;+54;
428;Defensa y Justicia;ARG;CONMEBOL;Scarf;⌘;0,4629;-51;
429;Neom;KSA;AFC;Scarf;⌘;0,4620;+322;
430;Heracles Almelo;NED;UEFA;Scarf;⌘;0,4611;-31;
431;Çaykur Rizespor;TUR;UEFA;Scarf;⌘;0,4602;+9;
432;Once Caldas;COL;CONMEBOL;Scarf;⌘;0,4593;+171;
433;Oud-Heverlee Leuven;BEL;UEFA;Scarf;⌘;0,4584;-2;
434;St. Louis City SC;USA;CONCACAF;Scarf;⌘;0,4575;+52;
435;NAC Breda;NED;UEFA;Scarf;⌘;0,4566;-6;
436;Shanghai Port;CHN;AFC;Scarf;⌘;0,4557;-157;
437;Konyaspor;TUR;UEFA;Scarf;⌘;0,4548;+40;
438;Bangkok United;THA;AFC;Scarf;⌘;0,4539;-126;
439;América de Cali;COL;CONMEBOL;Scarf;⌘;0,4530;+170;
440;Olimpia;PAR;CONMEBOL;Scarf;⌘;0,4521;+171;
441;Al-Khaleej;KSA;AFC;Scarf;⌘;0,4512;+67;
442;DC United;USA;CONCACAF;Scarf;⌘;0,4503;+53;
443;Kasımpaşa;TUR;UEFA;Scarf;⌘;0,4494;+16;
444;Maccabi Haifa FC;ISR;UEFA;Scarf;⌘;0,4485;-66;
445;Raków Częstochowa;POL;UEFA;Scarf;⌘;0,4476;-165;
446;Gangwon FC;KOR;AFC;Scarf;⌘;0,4467;+104;
447;AEK Larnaca FC;CYP;UEFA;Scarf;⌘;0,4458;+376;
448;Real España;HON;CONCACAF;Scarf;⌘;0,4449;+137;
449;Djurgårdens IF;SWE;UEFA;Scarf;⌘;0,4440;+31;
450;Dender;BEL;UEFA;Scarf;⌘;0,4431;-58;
451;Al-Hazem;KSA;AFC;Scarf;⌘;0,4422;+321;
452;Al-Masry SC;EGY;CAF;Scarf;⌘;0,4413;+13;
453;Antalyaspor;TUR;UEFA;Scarf;⌘;0,4404;+78;
454;CS Sfaxien;TUN;CAF;Scarf;⌘;0,4395;+124;
455;Gallos Blancos de Querétaro;MEX;CONCACAF;Scarf;⌘;0,4386;+281;
456;Huracán;ARG;CONMEBOL;Scarf;⌘;0,4377;+7;
457;Kayserispor;TUR;UEFA;Scarf;⌘;0,4368;+60;
458;Chengdu Rongcheng;CHN;AFC;Scarf;⌘;0,4359;+41;
459;Elfsborg;SWE;UEFA;Scarf;⌘;0,4350;-134;
460;Sheffield United;ENG;UEFA;Scarf;⌘;0,4341;-176;
461;NK Celje;SVN;UEFA;Scarf;⌘;0,4332;+106;
462;Al-Fateh Al-Ahsa;KSA;AFC;Scarf;⌘;0,4323;+10;
463;Comunicaciones;GUA;CONCACAF;Scarf;⌘;0,4314;-101;
464;Real Estelí;NCA;CONCACAF;Scarf;⌘;0,4305;+178;
465;Kifisia FC;GRE;UEFA;Scarf;⌘;0,4296;+64;
466;Coritiba;BRA;CONMEBOL;Scarf;⌘;0,4287;+265;
467;Swansea City AFC;WAL;UEFA;Scarf;⌘;0,4278;-124;
468;Molde FK;NOR;UEFA;Scarf;⌘;0,4269;-138;
469;Al-Kholood Club;KSA;AFC;Scarf;⌘;0,4260;-12;
470;Belgrano;ARG;CONMEBOL;Scarf;⌘;0,4251;-21;
471;Blackburn Rovers;ENG;UEFA;Scarf;⌘;0,4242;-149;
472;Ratchaburi;THA;AFC;Scarf;⌘;0,4233;+98;
473;Panetolikos;GRE;UEFA;Scarf;⌘;0,4224;-4;
474;Damac FC;KSA;AFC;Scarf;⌘;0,4215;+58;
475;Charlton Athletic;ENG;UEFA;Scarf;⌘;0,4206;+144;
476;Rapid Wien;AUT;UEFA;Scarf;⌘;0,4197;-222;
477;Étoile du Sahel;TUN;CAF;Scarf;⌘;0,4188;-154;
478;Kaizer Chiefs Johannesburg;RSA;CAF;Scarf;⌘;0,4179;+115;
479;Chapecoense;BRA;CONMEBOL;Scarf;⌘;0,4170;+522;
480;Gamba Osaka;JPN;AFC;Scarf;⌘;0,4161;+12;
481;Portsmouth FC;ENG;UEFA;Scarf;⌘;0,4152;+76;
482;Colo-Colo;CHI;CONMEBOL;Scarf;⌘;0,4143;-118;
483;Guaraní;PAR;CONMEBOL;Scarf;⌘;0,4134;-42;
484;FC Lugano;SUI;UEFA;Scarf;⌘;0,4125;-47;
485;Asteras Tripolis FC;GRE;UEFA;Scarf;⌘;0,4116;-180;
486;Hradec Králové;CZE;UEFA;Scarf;⌘;0,4107;-85;
487;Mushuc Runa;ECU;CONMEBOL;Scarf;⌘;0,4098;+125;
488;Remo;BRA;CONMEBOL;Scarf;⌘;0,4089;+513;
489;Lech Poznań;POL;UEFA;Scarf;⌘;0,4080;-249;
490;Oxford United FC;ENG;UEFA;Scarf;⌘;0,4071;+78;
491;Alianza Lima;PER;CONMEBOL;Scarf;⌘;0,4062;+143;
492;Municipal;GUA;CONCACAF;Scarf;⌘;0,4053;-17;
493;Norwich City;ENG;UEFA;Scarf;⌘;0,4044;-138;
494;AC Monza;ITA;UEFA;Scarf;⌘;0,4035;-123;
495;Saint-Éloi Lupopo;COD;CAF;Scarf;⌘;0,4026;+107;
496;Atromitos FC;GRE;UEFA;Scarf;⌘;0,4017;-99;
497;Barracas Central;ARG;CONMEBOL;Scarf;⌘;0,4008;-223;
498;Stade Tunisien;TUN;CAF;Scarf;⌘;0,3999;+318;
499;Venezia FC;ITA;UEFA;Scarf;⌘;0,3990;-132;
500;Sheffield Wednesday;ENG;UEFA;Scarf;⌘;0,3981;-150;
501;AS Saint-Étienne;FRA;UEFA;Scarf;⌘;0,3972;-132;
502;Darmstadt 98;GER;UEFA;Scarf;⌘;0,3963;+300;
503;Club Africain;TUN;CAF;Scarf;⌘;0,3954;+61;
504;Emelec;ECU;CONMEBOL;Scarf;⌘;0,3945;+93;
505;FC Zlín;CZE;UEFA;Scarf;⌘;0,3936;+248;
506;GAIS;SWE;UEFA;Scarf;⌘;0,3927;+274;
507;Tromsø IL;NOR;UEFA;Scarf;⌘;0,3918;+16;
508;Sekhukhune United;RSA;CAF;Scarf;⌘;0,3909;+31;
509;Falkirk FC;SCO;UEFA;Scarf;⌘;0,3900;-15;
510;UD Almeria;ESP;UEFA;Scarf;⌘;0,3891;+205;
511;Shamrock Rovers FC;IRL;UEFA;Scarf;⌘;0,3882;-29;
512;Macarthur;AUS;AFC;Scarf;⌘;0,3873;+489;
513;Auckland FC;NZL;AFC;Scarf;⌘;0,3864;+47;
514;OFI Heraklion;GRE;UEFA;Scarf;⌘;0,3855;-103;
515;Tigre;ARG;CONMEBOL;Scarf;⌘;0,3846;-108;
516;Palermo FC;ITA;UEFA;Scarf;⌘;0,3837;+210;
517;Rapid Bucureşti;ROU;UEFA;Scarf;⌘;0,3828;+294;
518;RFS;LVA;UEFA;Scarf;⌘;0,3819;+71;
519;Paderborn 07;GER;UEFA;Scarf;⌘;0,3810;-133;
520;Le Mans;FRA;UEFA;Scarf;⌘;0,3801;+481;
521;Lausanne-Sport;SUI;UEFA;Scarf;⌘;0,3792;-42;
522;Levski Sofia;BUL;UEFA;Scarf;⌘;0,3783;+39;
523;Gimnasia y Esgrima;ARG;CONMEBOL;Scarf;⌘;0,3774;+478;
524;Gimcheon Sangmu;KOR;AFC;Scarf;⌘;0,3765;-217;
525;Deportes Tolima;COL;CONMEBOL;Scarf;⌘;0,3756;+300;
526;CD Castellón;ESP;UEFA;Scarf;⌘;0,3747;+475;
527;IFK Göteborg;SWE;UEFA;Scarf;⌘;0,3738;-13;
528;Chadormalou;IRN;AFC;Scarf;⌘;0,3729;+473;
529;FUS Rabat;MAR;CAF;Scarf;⌘;0,3720;-9;
530;Dinamo Samarqand;UZB;AFC;Scarf;⌘;0,3711;+14;
531;Teplice;CZE;UEFA;Scarf;⌘;0,3702;-40;
532;Vojvodina Novi Sad;SRB;UEFA;Scarf;⌘;0,3693;+27;
533;US Catanzaro 1929;ITA;UEFA;Scarf;⌘;0,3684;+183;
534;FC Nouadhibou;MTN;CAF;Scarf;⌘;0,3675;+70;
535;FC Botoşani;ROU;UEFA;Scarf;⌘;0,3666;+466;
536;AE Larisa;GRE;UEFA;Scarf;⌘;0,3657;-21;
537;Dundee FC;SCO;UEFA;Scarf;⌘;0,3648;-61;
538;Zagłębie Lubin;POL;UEFA;Scarf;⌘;0,3639;+463;
539;Hannover 96;GER;UEFA;Scarf;⌘;0,3630;+201;
540;Hapoel Tel-Aviv FC;ISR;UEFA;Scarf;⌘;0,3621;+461;
541;Paksi FC;HUN;UEFA;Scarf;⌘;0,3612;-14;
542;JS de Kabylie;ALG;CAF;Scarf;⌘;0,3603;+1;
543;Sabah FK;AZE;UEFA;Scarf;⌘;0,3594;+325;
544;Wadi Degla;EGY;CAF;Scarf;⌘;0,3585;+457;
545;Zenit;RUS;UEFA;Scarf;⌘;0,3576;-33;
546;FK Mladá Boleslav;CZE;UEFA;Scarf;⌘;0,3567;-121;
547;AS Vita Club;COD;CAF;Scarf;⌘;0,3558;+79;
548;FK Novi Pazar;SRB;UEFA;Scarf;⌘;0,3549;-52;
549;Banfield;ARG;CONMEBOL;Scarf;⌘;0,3540;-71;
550;Odense Boldklub;DEN;UEFA;Scarf;⌘;0,3531;+1;
551;Olympique de Safi;MAR;CAF;Scarf;⌘;0,3522;+26;
552;Rosenborg BK;NOR;UEFA;Scarf;⌘;0,3513;-49;
553;Qatar SC;QAT;AFC;Scarf;⌘;0,3504;-8;
554;Kryvbas Kryvyi Rih;UKR;UEFA;Scarf;⌘;0,3495;-145;
555;Sandefjord Fotball;NOR;UEFA;Scarf;⌘;0,3486;+231;
556;AmaZulu;RSA;CAF;Scarf;⌘;0,3477;+240;
557;Bunyodkor;UZB;AFC;Scarf;⌘;0,3468;+242;
558;Al-Nasr Dubai;UAE;AFC;Scarf;⌘;0,3459;+218;
559;FK Pardubice;CZE;UEFA;Scarf;⌘;0,3450;-11;
560;Muangthong United;THA;AFC;Scarf;⌘;0,3441;+13;
561;Cracovia Kraków;POL;UEFA;Scarf;⌘;0,3432;+222;
562;Dinamo Bucureşti;ROU;UEFA;Scarf;⌘;0,3423;+439;
563;AS Maniema Union;COD;CAF;Scarf;⌘;0,3414;+44;
564;ZED FC;EGY;CAF;Scarf;⌘;0,3405;+437;
565;Panserraikos;GRE;UEFA;Scarf;⌘;0,3396;-63;
566;Lokomotiv Moskva;RUS;UEFA;Scarf;⌘;0,3387;+260;
567;AIK;SWE;UEFA;Scarf;⌘;0,3378;-143;
568;St. Miren;SCO;UEFA;Scarf;⌘;0,3369;-258;
569;Sarmiento;ARG;CONMEBOL;Scarf;⌘;0,3360;-51;
570;Brisbane Roar;AUS;AFC;Scarf;⌘;0,3351;+431;
571;Liverpool Montevideo;URU;CONMEBOL;Scarf;⌘;0,3342;+260;
572;BK Häcken;SWE;UEFA;Scarf;⌘;0,3333;+14;
573;Austria Wien;AUT;UEFA;Scarf;⌘;0,3324;-303;
574;Bohemians;CZE;UEFA;Scarf;⌘;0,3315;-160;
575;Kolos Kovalivka;UKR;UEFA;Scarf;⌘;0,3306;-29;
576;Vålerenga;NOR;UEFA;Scarf;⌘;0,3297;+425;
577;Municipal Liberia;CRC;CONCACAF;Scarf;⌘;0,3288;-263;
578;Platense FC;HON;CONCACAF;Scarf;⌘;0,3279;+423;
579;Al-Arabi;QAT;AFC;Scarf;⌘;0,3270;-53;
580;ASEC Mimosas;CIV;CAF;Scarf;⌘;0,3261;+52;
581;Al Ahli Doha;QAT;AFC;Scarf;⌘;0,3252;-284;
582;Viborg FF;DEN;UEFA;Scarf;⌘;0,3243;-85;
583;Al-Ramtha;JOR;AFC;Scarf;⌘;0,3234;+236;
584;ENPPI;EGY;CAF;Scarf;⌘;0,3225;+417;
585;Sporting Cristal;PER;CONMEBOL;Scarf;⌘;0,3216;+52;
586;APOEL FC;CYP;UEFA;Scarf;⌘;0,3207;-4;
587;Riga FC;LVA;UEFA;Scarf;⌘;0,3198;≡;
588;Debreceni VSC;HUN;UEFA;Scarf;⌘;0,3189;+413;
589;Club Universitario de Deportes;PER;CONMEBOL;Scarf;⌘;0,3180;+49;
590;Metalist Kharkiv 1925;UKR;UEFA;Scarf;⌘;0,3173;+411;
591;Kilmarnock;SCO;UEFA;Scarf;⌘;0,3167;-137;
592;Stellenbosch FC;RSA;CAF;Scarf;⌘;0,3158;-153;
593;FC Nordsjælland;DEN;UEFA;Scarf;⌘;0,3152;-190;
594;The Strongest;BOL;CONMEBOL;Scarf;⌘;0,3150;+46;
595;Plaza Amador;PAN;CONCACAF;Scarf;⌘;0,3150;+40;
596;Kuching City;MAS;AFC;Scarf;⌘;0,3150;+405;
597;Alianza;SLV;CONCACAF;Scarf;⌘;0,3147;+50;
598;Singida Black Stars;TAN;CAF;Scarf;⌘;0,3147;+24;
599;Medeama;GHA;CAF;Scarf;⌘;0,3147;+28;
600;CS Constantine;ALG;CAF;Scarf;⌘;0,3144;+18;
601;SV Ried;AUT;UEFA;Scarf;⌘;0,3144;+167;
602;FC Sion;SUI;UEFA;Scarf;⌘;0,3144;+399;
603;Ajman Club;UAE;AFC;Scarf;⌘;0,3141;+398;
604;Cerezo Osaka;JPN;AFC;Scarf;⌘;0,3138;-74;
605;Zorya Luhansk;UKR;UEFA;Scarf;⌘;0,3138;-121;
606;Dukla;CZE;UEFA;Scarf;⌘;0,3135;-73;
607;Azam;TAN;CAF;Scarf;⌘;0,3132;+295;
608;NK Maribor;SVN;UEFA;Scarf;⌘;0,3126;-32;
609;Petrocub Hîncești;MDA;UEFA;Scarf;⌘;0,3123;+277;
610;Livingston FC;SCO;UEFA;Scarf;⌘;0,3117;-100;
611;Spartak Moskva;RUS;UEFA;Scarf;⌘;0,3114;-28;
612;Wolfsberger AC;AUT;UEFA;Scarf;⌘;0,3109;-327;
613;NK Varaždin;CRO;UEFA;Scarf;⌘;0,3109;-325;
614;Baník Ostrava;CZE;UEFA;Scarf;⌘;0,3109;-359;
615;Independiente de la Chorrera;PAN;CONCACAF;Scarf;⌘;0,3103;+29;
616;Randers FC;DEN;UEFA;Scarf;⌘;0,3103;-313;
617;Karpaty Lviv;UKR;UEFA;Scarf;⌘;0,3100;-161;
618;CFR Cluj;ROU;UEFA;Scarf;⌘;0,3097;-205;
619;FC Zürich;SUI;UEFA;Scarf;⌘;0,3094;+173;
620;Incheon United;KOR;AFC;Scarf;⌘;0,3091;+81;
621;Universidad de Chile;CHI;CONMEBOL;Scarf;⌘;0,3085;+22;
622;Sporting San Miguelito;PAN;CONCACAF;Scarf;⌘;0,3085;+31;
623;Sheriff;MDA;UEFA;Scarf;⌘;0,3079;-65;
624;Silkeborg IF;DEN;UEFA;Scarf;⌘;0,3070;-162;
625;Rukh Lviv;UKR;UEFA;Scarf;⌘;0,3065;-118;
626;Mount Pleasant;JAM;CONCACAF;Scarf;⌘;0,3062;+33;
627;Águila;SLV;CONCACAF;Scarf;⌘;0,3053;+27;
628;FC Anyang;KOR;AFC;Scarf;⌘;0,3044;+178;
629;FC Luzern;SUI;UEFA;Scarf;⌘;0,3044;+141;
630;Olimpija Ljubljana;SVN;UEFA;Scarf;⌘;0,3035;-202;
631;Gorica;CRO;UEFA;Scarf;⌘;0,3030;-110;
632;Tampines Rovers;SIN;AFC;Scarf;⌘;0,3027;+61;
633;UC Sampdoria;ITA;UEFA;Scarf;⌘;0,3024;-33;
634;Millonarios;COL;CONMEBOL;Scarf;⌘;0,3018;-13;
635;Dinamo Moskva;RUS;UEFA;Scarf;⌘;0,3009;-277;
636;Umm Salal SC;QAT;AFC;Scarf;⌘;0,3001;+122;
637;SCR Altach;AUT;UEFA;Scarf;⌘;0,2998;+117;
638;Central Coast Mariners;AUS;AFC;Scarf;⌘;0,2989;-33;
639;Cienciano;PER;CONMEBOL;Scarf;⌘;0,2986;+6;
640;Amiens S.C.;FRA;UEFA;Scarf;⌘;0,2977;-61;
641;Palestino;CHI;CONMEBOL;Scarf;⌘;0,2974;+5;
642;Cavalier;JAM;CONCACAF;Scarf;⌘;0,2971;+10;
643;Lokomotiva Zagreb;CRO;UEFA;Scarf;⌘;0,2968;-145;
644;Vejle Boldklub;DEN;UEFA;Scarf;⌘;0,2960;-110;
645;Lillestrøm SK;NOR;UEFA;Scarf;⌘;0,2957;+356;
646;WSG Tirol;AUT;UEFA;Scarf;⌘;0,2948;-121;
647;Cavalry FC;CAN;CONCACAF;Scarf;⌘;0,2939;+3;
648;Vukovar 91;CRO;UEFA;Scarf;⌘;0,2930;-112;
649;Kitchee;HKG;AFC;Scarf;⌘;0,2921;+17;
650;Al-Quwa Al-Jawiya;IRQ;AFC;Scarf;⌘;0,2912;-9;
651;Al-Shorta;IRQ;AFC;Scarf;⌘;0,2903;-15;
652;Wellington Phoenix;NZL;AFC;Scarf;⌘;0,2894;-37;
653;Caracas FC;VEN;CONMEBOL;Scarf;⌘;0,2885;+9;
654;Persib Bandung;IDN;AFC;Scarf;⌘;0,2876;+37;
655;Chippa United;RSA;CAF;Scarf;⌘;0,2867;-54;
656;Servette FC;SUI;UEFA;Scarf;⌘;0,2858;-358;
657;FK Olexandriya;UKR;UEFA;Scarf;⌘;0,2849;-410;
658;Eyüpspor;TUR;UEFA;Scarf;⌘;0,2849;-359;
659;NK Osijek;CRO;UEFA;Scarf;⌘;0,2849;-186;
660;Holstein Kiel;GER;UEFA;Scarf;⌘;0,2849;-409;
661;Real Valladolid;ESP;UEFA;Scarf;⌘;0,2849;-343;
662;Leganés;ESP;UEFA;Scarf;⌘;0,2849;-414;
663;Kairat;KAZ;UEFA;Scarf;⌘;0,2843;-3;
664;Slovan Bratislava;SVK;UEFA;Scarf;⌘;0,2834;-33;
665;Defence Force FC Chaguaramas;TRI;CONCACAF;Scarf;⌘;0,2828;+230;
666;Robinhood;SUR;CONCACAF;Scarf;⌘;0,2819;+19;
667;Cibao;DOM;CONCACAF;Scarf;⌘;0,2810;+27;
668;O&M FC;DOM;CONCACAF;Scarf;⌘;0,2801;+198;
669;Sagrada Esperança;ANG;CAF;Scarf;⌘;0,2796;-46;
670;Cong An Ha Noi FC;VIE;AFC;Scarf;⌘;0,2790;+6;
671;Víkingur Reykjavík;ISL;UEFA;Scarf;⌘;0,2787;-38;
672;Stade Malien;MLI;CAF;Scarf;⌘;0,2787;+27;
673;Horoya AC;GUI;CAF;Scarf;⌘;0,2787;-2;
674;Al-Ahed;LIB;AFC;Scarf;⌘;0,2784;-7;
675;Al-Khaldiya;BHR;AFC;Scarf;⌘;0,2782;-12;
676;Al-Ahli Tripoli;LBY;CAF;Scarf;⌘;0,2773;+14;
677;Al-Muharraq;BHR;AFC;Scarf;⌘;0,2767;-8;
678;Nam Dinh;VIE;AFC;Scarf;⌘;0,2758;+4;
679;Weymouth Wales;BRB;CONCACAF;Scarf;⌘;0,2749;+167;
680;Al-Zawra'a;IRQ;AFC;Scarf;⌘;0,2749;+200;
681;KuPS;FIN;UEFA;Scarf;⌘;0,2740;+158;
682;Duhok SC;IRQ;AFC;Scarf;⌘;0,2731;-24;
683;Breiðablik;ISL;UEFA;Scarf;⌘;0,2722;+164;
684;Pirae;TAH;OFC;Scarf;⌘;0,2713;+11;
685;CS Marítimo;POR;UEFA;Scarf;⌘;0,2704;+316;
686;Noah;ARM;UEFA;Scarf;⌘;0,2695;-2;
687;Hekari United;PNG;OFC;Scarf;⌘;0,2686;+16;
688;Arkadag FK;TKM;AFC;Scarf;⌘;0,2679;+14;
689;Rivers United;NGA;CAF;Scarf;⌘;0,2673;-15;
690;Svay Rieng;CAM;AFC;Scarf;⌘;0,2668;+24;
691;Al-Shabab Oman;OMA;AFC;Scarf;⌘;0,2668;+310;
692;Rewa;FIJ;OFC;Scarf;⌘;0,2665;≡;
693;Zrinjski Mostar;BIH;UEFA;Scarf;⌘;0,2662;+178;
694;Shkëndija;MKD;UEFA;Scarf;⌘;0,2656;-6;
695;Borac Banja Luka;BIH;UEFA;Scarf;⌘;0,2656;-44;
696;Central Coast;SOL;OFC;Scarf;⌘;0,2653;+1;
697;Magenta;NCL;OFC;Scarf;⌘;0,2644;+7;
698;Tiga Sport;NCL;OFC;Scarf;⌘;0,2638;+8;
699;FC San-Pédro;CIV;CAF;Scarf;⌘;0,2633;+302;
700;AFAD Djékanou;CIV;CAF;Scarf;⌘;0,2633;+233;
701;Colombe Sportive;CMR;CAF;Scarf;⌘;0,2630;+241;
702;ASC Jaraaf;SEN;CAF;Scarf;⌘;0,2621;-27;
703;Al-Merreikh;SDN;CAF;Scarf;⌘;0,2612;-78;
704;Vénus;TAH;OFC;Scarf;⌘;0,2603;+1;
705;Al-Nahda;OMA;AFC;Scarf;⌘;0,2598;-7;
706;Al-Seeb;OMA;AFC;Scarf;⌘;0,2595;+295;
707;Al-Riffa;BHR;AFC;Scarf;⌘;0,2586;-30;
708;Power Dynamos;ZAM;CAF;Scarf;⌘;0,2577;+240;
709;Otohô;CGO;CAF;Scarf;⌘;0,2568;+292;
710;Monagas;VEN;CONMEBOL;Scarf;⌘;0,2568;-32;
711;Black Bulls;MOZ;CAF;Scarf;⌘;0,2560;+259;
712;Godoy Cruz;ARG;CONMEBOL;Scarf;⌘;0,2554;-172;
713;Ethiopian Insurance;ETH;CAF;Scarf;⌘;0,2545;+288;
714;Lincoln Red Imps FC;GIB;UEFA;Scarf;⌘;0,2539;+255;
715;Silver Strikers FC;MWI;CAF;Scarf;⌘;0,2536;+286;
716;Nairobi United;KEN;CAF;Scarf;⌘;0,2530;+285;
717;Hilal Al-Quds;PLE;AFC;Scarf;⌘;0,2525;-10;
718;Aigle Noir Makamba;BDI;CAF;Scarf;⌘;0,2522;+283;
719;Daegu FC;KOR;AFC;Scarf;⌘;0,2513;-135;
720;Ventforet Kofu;JPN;AFC;Scarf;⌘;0,2504;-39;
721;Luton Town;ENG;UEFA;Scarf;⌘;0,2495;-91;
722;Reading;ENG;UEFA;Scarf;⌘;0,2486;-83;
723;Abha Club;KSA;AFC;Scarf;⌘;0,2477;-43;
724;Al Wehda;KSA;AFC;Scarf;⌘;0,2468;-45;
725;Salernitana 1919;ITA;UEFA;Scarf;⌘;0,2459;-38;
726;Girondins de Bordeaux;FRA;UEFA;Scarf;⌘;0,2450;-17;
727;Boavista;POR;UEFA;Scarf;⌘;0,2441;-15;
728;Fatih Karagümrük;TUR;UEFA;Pitch;❖;0,2432;+32;
729;Always Ready;BOL;CONMEBOL;Pitch;❖;0,2431;-80;
730;Independiente;ARG;CONMEBOL;Pitch;❖;0,2430;-176;
731;Cardiff City;WAL;UEFA;Pitch;❖;0,2429;+159;
732;Iquique;CHI;CONMEBOL;Pitch;❖;0,2428;-77;
733;Slovácko;CZE;UEFA;Pitch;❖;0,2427;-209;
734;Diriangén FC;NCA;CONCACAF;Pitch;❖;0,2426;-61;
735;Boston River;URU;CONMEBOL;Pitch;❖;0,2425;-193;
736;Deportivo Táchira;VEN;CONMEBOL;Pitch;❖;0,2424;-71;
737;Unión Española;CHI;CONMEBOL;Pitch;❖;0,2423;-81;
738;Real Hope FA;HAI;CONCACAF;Pitch;❖;0,2422;-52;
739;GV San José;BOL;CONMEBOL;Pitch;❖;0,2421;-78;
740;Louisville City;USA;CONCACAF;Pitch;❖;0,2420;-11;
741;Huachipato;CHI;CONMEBOL;Pitch;❖;0,2419;-93;
742;Nacional Potosí;BOL;CONMEBOL;Pitch;❖;0,2418;+91;
743;Al-Riyadh SC;KSA;AFC;Pitch;❖;0,2417;-253;
744;Cádiz CF;ESP;UEFA;Pitch;❖;0,2416;+188;
745;Cesena FC;ITA;UEFA;Pitch;❖;0,2415;-25;
746;Al-Okhdood;KSA;AFC;Pitch;❖;0,2414;-199;
747;FC Fredericia;DEN;UEFA;Pitch;❖;0,2413;+17;
748;USL Dunkerque;FRA;UEFA;Pitch;❖;0,2412;-353;
749;Hertha BSC Berlin;GER;UEFA;Pitch;❖;0,2411;+38;
750;Sporting Gijón;ESP;UEFA;Pitch;❖;0,2410;+21;
751;San Antonio Bulo Bulo;BOL;CONMEBOL;Pitch;❖;0,2409;+87;
752;Modena FC 2018;ITA;UEFA;Pitch;❖;0,2408;+25;
753;Al-Najma SC;KSA;AFC;Pitch;❖;0,2407;+10;
754;Pau;FRA;UEFA;Pitch;❖;0,2406;+247;
755;Burgos CF;ESP;UEFA;Pitch;❖;0,2405;+246;
756;Tauro;PAN;CONCACAF;Pitch;❖;0,2404;-99;
757;1. FC Kaiserslautern;GER;UEFA;Pitch;❖;0,2403;-36;
758;Juve Stabia;ITA;UEFA;Pitch;❖;0,2402;-354;
759;AD Ceuta;ESP;UEFA;Pitch;❖;0,2401;+242;
760;Cerro Largo;URU;CONMEBOL;Pitch;❖;0,2400;+55;
761;1. FC Nürnberg;GER;UEFA;Pitch;❖;0,2399;+1;
762;Simba Kolwezi;COD;CAF;Pitch;❖;0,2398;-134;
763;US Monastir;TUN;CAF;Pitch;❖;0,2397;-320;
764;Polokwane City;RSA;CAF;Pitch;❖;0,2396;+237;
765;Málaga CF;ESP;UEFA;Pitch;❖;0,2395;+236;
766;RCA Zemamra;MAR;CAF;Pitch;❖;0,2394;+18;
767;AGMK;UZB;AFC;Pitch;❖;0,2393;-201;
768;Ceará SC;BRA;CONMEBOL;Pitch;❖;0,2392;-366;
769;Radomiak;POL;UEFA;Pitch;❖;0,2391;+232;
770;Gol Gohar;IRN;AFC;Pitch;❖;0,2390;-217;
771;Argeș Pitești;ROU;UEFA;Pitch;❖;0,2389;+230;
772;Chiangrai United;THA;AFC;Pitch;❖;0,2388;+229;
773;Železničar Pančevo;SRB;UEFA;Pitch;❖;0,2387;+228;
774;CSKA Moskva;RUS;UEFA;Pitch;❖;0,2386;-209;
775;EA Guingamp;FRA;UEFA;Pitch;❖;0,2385;-353;
776;Adelaide United;AUS;AFC;Pitch;❖;0,2384;+225;
777;Padova;ITA;UEFA;Pitch;❖;0,2383;+224;
778;Karlsruher SC;GER;UEFA;Pitch;❖;0,2382;-50;
779;Orense;ECU;CONMEBOL;Pitch;❖;0,2381;+41;
780;Aris;CYP;UEFA;Pitch;❖;0,2380;-239;
781;Córdoba CF;ESP;UEFA;Pitch;❖;0,2379;+220;
782;Bnei Sakhnin FC;ISR;UEFA;Pitch;❖;0,2378;+219;
783;Beijing Guoan;CHN;AFC;Pitch;❖;0,2377;-169;
784;Petrojet;EGY;CAF;Pitch;❖;0,2376;+217;
785;Racing Club Montevideo;URU;CONMEBOL;Pitch;❖;0,2375;+84;
786;Fortaleza CEIF;COL;CONMEBOL;Pitch;❖;0,2374;+17;
787;Fredrikstad FK;NOR;UEFA;Pitch;❖;0,2373;-216;
788;Nacional;PAR;CONMEBOL;Pitch;❖;0,2372;+33;
789;Juventud;URU;CONMEBOL;Pitch;❖;0,2371;+212;
790;CSKA 1948 Sofia;BUL;UEFA;Pitch;❖;0,2370;+167;
791;Avellino 1912;ITA;UEFA;Pitch;❖;0,2369;+210;
792;Annecy;FRA;UEFA;Pitch;❖;0,2368;-74;
793;Moca FC;DOM;CONCACAF;Pitch;❖;0,2367;+77;
794;VfL Bochum;GER;UEFA;Pitch;❖;0,2366;-426;
795;Atlético Tucumán;ARG;CONMEBOL;Pitch;❖;0,2365;-284;
796;ADO Den Haag;NED;UEFA;Pitch;❖;0,2364;+205;
797;Puskás Akadémia;HUN;UEFA;Pitch;❖;0,2363;-330;
798;MC Oran;ALG;CAF;Pitch;❖;0,2362;+203;
799;Primeiro de Agosto;ANG;CAF;Pitch;❖;0,2361;-179;
800;Aldosivi;ARG;CONMEBOL;Pitch;❖;0,2360;+201;
801;Melgar;PER;CONMEBOL;Pitch;❖;0,2359;+64;
802;Aigles du Congo;COD;CAF;Pitch;❖;0,2358;-228;
803;Reggiana 1919;ITA;UEFA;Pitch;❖;0,2357;+198;
804;Deportivo Mixco;GUA;CONCACAF;Pitch;❖;0,2356;-213;
805;Grenoble Foot 38;FRA;UEFA;Pitch;❖;0,2355;-55;
806;FC Andorra;ESP;UEFA;Pitch;❖;0,2354;+195;
807;FC Tokyo;JPN;AFC;Pitch;❖;0,2353;+194;
808;TS Galaxy;RSA;CAF;Pitch;❖;0,2352;-246;
809;Santa Fe;COL;CONMEBOL;Pitch;❖;0,2351;+25;
810;Zirä FK;AZE;UEFA;Pitch;❖;0,2350;-216;
811;Lincoln City;ENG;UEFA;Pitch;❖;0,2349;+190;
812;Universitatea Cluj;ROU;UEFA;Pitch;❖;0,2348;-257;
813;Wellington Olympic;NZL;OFC;Pitch;❖;0,2347;-223;
814;Al-Arabi Kuwait;KUW;AFC;Pitch;❖;0,2346;+65;
815;Sirius Fotboll;SWE;UEFA;Pitch;❖;0,2345;+186;
816;Ittihad Kalba;UAE;AFC;Pitch;❖;0,2344;+185;
817;Olancho FC;HON;CONCACAF;Pitch;❖;0,2343;-280;
818;NBE;EGY;CAF;Pitch;❖;0,2342;-269;
819;AS Pompier;MTN;CAF;Pitch;❖;0,2341;+182;
820;Andijon FK;UZB;AFC;Pitch;❖;0,2340;-224;
821;Asante Kotoko;GHA;CAF;Pitch;❖;0,2339;+103;
822;Carrarese Calcio;ITA;UEFA;Pitch;❖;0,2338;-28;
823;Pérez Zeledón;CRC;CONCACAF;Pitch;❖;0,2337;-267;
824;Avispa Fukuoka;JPN;AFC;Pitch;❖;0,2336;+177;
825;SK Beveren;BEL;UEFA;Pitch;❖;0,2335;-25;
826;Rodez;FRA;UEFA;Pitch;❖;0,2334;+175;
827;Zhejiang Professional;CHN;AFC;Pitch;❖;0,2333;-221;
828;Foolad;IRN;AFC;Pitch;❖;0,2332;-315;
829;FC Koper;SVN;UEFA;Pitch;❖;0,2331;-5;
830;Radnički 1923 Kragujevac;SRB;UEFA;Pitch;❖;0,2330;-13;
831;Sportivo Trinidense;PAR;CONMEBOL;Pitch;❖;0,2329;+1;
832;Preußen Münster;GER;UEFA;Pitch;❖;0,2328;+169;
833;Al-Qadsia;KUW;AFC;Pitch;❖;0,2327;+42;
834;Modern Sport;EGY;CAF;Pitch;❖;0,2326;+2;
835;Kuala Lumpur City;MAS;AFC;Pitch;❖;0,2325;+82;
836;Zimbru Chișinău;MDA;UEFA;Pitch;❖;0,2324;+18;
837;Pogoń Szczecin;POL;UEFA;Pitch;❖;0,2323;-321;
838;Derry City FC;NIR;UEFA;Pitch;❖;0,2322;+10;
839;Club Franciscain;MTQ;CONCACAF;Pitch;❖;0,2321;+20;
840;Melbourne Victory;AUS;AFC;Pitch;❖;0,2320;-336;
841;Charleston Battery;USA;CONCACAF;Pitch;❖;0,2319;-100;
842;Veres Rivne;UKR;UEFA;Pitch;❖;0,2318;-314;
843;Eintracht Braunschweig;GER;UEFA;Pitch;❖;0,2317;+158;
844;Hapoel Haifa;ISR;UEFA;Pitch;❖;0,2316;-272;
845;FK Liepāja;LVA;UEFA;Pitch;❖;0,2315;+81;
846;Wiliete;ANG;CAF;Pitch;❖;0,2314;+3;
847;Club 2 de Mayo;PAR;CONMEBOL;Pitch;❖;0,2313;+3;
848;Platense;ARG;CONMEBOL;Pitch;❖;0,2312;-253;
849;Al-Salt SC;JOR;AFC;Pitch;❖;0,2311;+152;
850;Shelbourne;IRL;UEFA;Pitch;❖;0,2310;-13;
851;Terengganu;MAS;AFC;Pitch;❖;0,2309;+33;
852;Araz-Naxçıvan;AZE;UEFA;Pitch;❖;0,2308;-25;
853;Bravos do Maquis;ANG;CAF;Pitch;❖;0,2307;-229;
854;Obolon Kyiv;UKR;UEFA;Pitch;❖;0,2306;-95;
855;Amed SFK;TUR;UEFA;Pitch;❖;0,2305;+146;
856;Bibiani Gold Stars;GHA;CAF;Pitch;❖;0,2304;-264;
857;JKT Tanzania;TAN;CAF;Pitch;❖;0,2303;+144;
858;TSC Bačka Topola;SRB;UEFA;Pitch;❖;0,2302;-40;
859;Jaiba Brava;MEX;CONCACAF;Pitch;❖;0,2301;-104;
860;Specia Calcio;ITA;UEFA;Pitch;❖;0,2300;-478;
861;Juticalpa;HON;CONCACAF;Pitch;❖;0,2299;-292;
862;Jeju United;KOR;AFC;Pitch;❖;0,2298;+139;
863;BFC Daugavpils;LVA;UEFA;Pitch;❖;0,2297;+116;
864;Al-Sailiya SC;QAT;AFC;Pitch;❖;0,2296;-91;
865;Lunda Sul;ANG;CAF;Pitch;❖;0,2295;-236;
866;ASC Snim;MTN;CAF;Pitch;❖;0,2294;+73;
867;Arda 1924 Kardzhali;BUL;UEFA;Pitch;❖;0,2293;-269;
868;FC Magdeburg;GER;UEFA;Pitch;❖;0,2292;-458;
869;Sportivo Luqueño;PAR;CONMEBOL;Pitch;❖;0,2291;+34;
870;Kalamata FC;GRE;UEFA;Pitch;❖;0,2290;-58;
871;Al-Shahania;QAT;AFC;Pitch;❖;0,2289;-388;
872;Grazer AK;AUT;UEFA;Pitch;❖;0,2288;-334;
873;Grasshopper Club Zürich;SUI;UEFA;Pitch;❖;0,2287;+128;
874;Danubio;URU;CONMEBOL;Pitch;❖;0,2286;-33;
875;Auda;LVA;UEFA;Pitch;❖;0,2285;+85;
876;Bradford City AFC;ENG;UEFA;Pitch;❖;0,2284;+125;
877;FC Tulsa;USA;CONCACAF;Pitch;❖;0,2283;-112;
878;Deportivo Pereira;COL;CONMEBOL;Pitch;❖;0,2282;-2;
879;Zakho SC;IRQ;AFC;Pitch;❖;0,2281;+21;
880;Cambuur;NED;UEFA;Pitch;❖;0,2280;-101;
881;Sportivo Ameliano;PAR;CONMEBOL;Pitch;❖;0,2279;-37;
882;Saint Patrick's Athletic;IRL;UEFA;Pitch;❖;0,2278;+23;
883;Milsami Orhei;MDA;UEFA;Pitch;❖;0,2277;+69;
884;Ifira Black Bird;VAN;OFC;Pitch;❖;0,2276;-173;
885;Pendikspor;TUR;UEFA;Pitch;❖;0,2275;+116;
886;Blau-Weiß;AUT;UEFA;Pitch;❖;0,2274;-436;
887;Kortrijk;BEL;UEFA;Pitch;❖;0,2273;-160;
888;CD Mirandés;ESP;UEFA;Pitch;❖;0,2272;-507;
889;AD San Carlos;CRC;CONCACAF;Pitch;❖;0,2271;-272;
890;Kabuscorp;ANG;CAF;Pitch;❖;0,2270;+53;
891;Montevideo Wanderers;URU;CONMEBOL;Pitch;❖;0,2269;+13;
892;ES Sétif;ALG;CAF;Pitch;❖;0,2268;-284;
893;Juventude;BRA;CONMEBOL;Pitch;❖;0,2267;-400;
894;Sacramento Republic;USA;CONCACAF;Pitch;❖;0,2266;-103;
895;KMC;TAN;CAF;Pitch;❖;0,2265;+66;
896;Academia Quintana;PUR;CONCACAF;Pitch;❖;0,2264;-32;
897;Academia Puerto Cabello;VEN;CONMEBOL;Pitch;❖;0,2263;-1;
898;St Johnstone FC;SCO;UEFA;Pitch;❖;0,2262;-129;
899;Stockport County FC;ENG;UEFA;Pitch;❖;0,2261;+15;
900;De Graafschap;NED;UEFA;Pitch;❖;0,2260;+101;
901;Wuhan Three Towns;CHN;AFC;Pitch;❖;0,2259;+20;
902;Ahal;TKM;AFC;Pitch;❖;0,2258;+20;
903;Chaves;POR;UEFA;Pitch;❖;0,2257;-146;
904;Beerschot;BEL;UEFA;Pitch;❖;0,2256;-166;
905;Sport Recife;BRA;CONMEBOL;Pitch;❖;0,2255;-383;
906;Al-Ansar;LIB;AFC;Pitch;❖;0,2254;+95;
907;Atlético Grau;PER;CONMEBOL;Pitch;❖;0,2253;-1;
908;Zbrojovka Brno;CZE;UEFA;Pitch;❖;0,2252;+93;
909;Roda JC;NED;UEFA;Pitch;❖;0,2251;+92;
910;Dewa United;IDN;AFC;Pitch;❖;0,2250;+91;
911;FC Vizela;POR;UEFA;Pitch;❖;0,2249;-463;
912;Huddersfield Town;ENG;UEFA;Pitch;❖;0,2248;+89;
913;CD Irapuato;MEX;CONCACAF;Pitch;❖;0,2247;+88;
914;Lommel SK;BEL;UEFA;Pitch;❖;0,2246;+87;
915;Panionios GSS;GRE;UEFA;Pitch;❖;0,2245;+86;
916;PSM Makassar;IDN;AFC;Pitch;❖;0,2244;-227;
917;Kaya;PHI;AFC;Pitch;❖;0,2243;-29;
918;FC Goa;IND;AFC;Pitch;❖;0,2242;+28;
919;União de Leiria;POR;UEFA;Pitch;❖;0,2241;-186;
920;Drita;KVX;UEFA;Pitch;❖;0,2240;-33;
921;Transvaal;SUR;CONCACAF;Pitch;❖;0,2239;-43;
922;Al-Tadamun Hadramaut;YEM;AFC;Pitch;❖;0,2238;+79;
923;Bolton Wanderers;ENG;UEFA;Pitch;❖;0,2237;+45;
924;Lusitânia FC;POR;UEFA;Pitch;❖;0,2236;+77;
925;Solomon Warriors;SOL;OFC;Pitch;❖;0,2235;-212;
926;Central;TRI;CONCACAF;Pitch;❖;0,2234;-7;
927;Iraklis FC;GRE;UEFA;Pitch;❖;0,2233;-105;
928;Carabobo;VEN;CONMEBOL;Pitch;❖;0,2232;-13;
929;Stevenage FC;ENG;UEFA;Pitch;❖;0,2231;+72;
930;Atlante;MEX;CONCACAF;Pitch;❖;0,2230;+71;
931;Silon Táborsko;CZE;UEFA;Pitch;❖;0,2229;+70;
932;Forge FC;CAN;CONCACAF;Pitch;❖;0,2228;-33;
933;Partick Thistle;SCO;UEFA;Pitch;❖;0,2227;+68;
934;Altyn Asyr;TKM;AFC;Pitch;❖;0,2226;-62;
935;Torreense;POR;UEFA;Pitch;❖;0,2225;-212;
936;Larne;NIR;UEFA;Pitch;❖;0,2224;-272;
937;Tai Po;HKG;AFC;Pitch;❖;0,2223;-25;
938;Managua FC;NCA;CONCACAF;Pitch;❖;0,2222;+26;
939;Suva;FIJ;OFC;Pitch;❖;0,2221;-239;
940;Astana FK;KAZ;UEFA;Pitch;❖;0,2220;-270;
941;CD Hércules;SLV;CONCACAF;Pitch;❖;0,2219;+50;
942;Spartak Trnava;SVK;UEFA;Pitch;❖;0,2218;-81;
943;Manila Digger;PHI;AFC;Pitch;❖;0,2217;+49;
944;Safa;LIB;AFC;Pitch;❖;0,2216;+57;
945;NK Rudeš;CRO;UEFA;Pitch;❖;0,2215;+56;
946;Stade d'Abidjan;CIV;CAF;Pitch;❖;0,2214;-278;
947;Arnett Gardens;JAM;CONCACAF;Pitch;❖;0,2213;+20;
948;Wycombe Wanderers;ENG;UEFA;Pitch;❖;0,2212;-19;
949;Enyimba;NGA;CAF;Pitch;❖;0,2211;-266;
950;Muras United;KGZ;AFC;Pitch;❖;0,2210;-25;
951;FC Košice;SVK;UEFA;Pitch;❖;0,2209;-106;
952;Sitra Club;BHR;AFC;Pitch;❖;0,2208;+7;
953;Lae City;PNG;OFC;Pitch;❖;0,2207;-245;
954;Lyngby BK;DEN;UEFA;Pitch;❖;0,2206;-179;
955;MŠK Žilina;SVK;UEFA;Pitch;❖;0,2205;-21;
956;Blooming;BOL;CONMEBOL;Pitch;❖;0,2204;+45;
957;HJK Helsinki;FIN;UEFA;Pitch;❖;0,2203;-285;
958;Cusco FC;PER;CONMEBOL;Pitch;❖;0,2202;+43;
959;Ravshan Kulob;TJK;AFC;Pitch;❖;0,2201;+42;
960;Ñublense;CHI;CONMEBOL;Pitch;❖;0,2200;+41;
961;Universidad Católica;CHI;CONMEBOL;Pitch;❖;0,2199;+40;
962;KA;ISL;UEFA;Pitch;❖;0,2198;-88;
963;Hienghène Sport;NCL;OFC;Pitch;❖;0,2197;-253;
964;Valur Reykjavík;ISL;UEFA;Pitch;❖;0,2196;+1;
965;Luis Ángel Firpo;SLV;CONCACAF;Pitch;❖;0,2195;+36;
966;Arbroath F.C.;SCO;UEFA;Pitch;❖;0,2194;+35;
967;Phnom Penh Crown;CAM;AFC;Pitch;❖;0,2193;-47;
968;Hafia;GUI;CAF;Pitch;❖;0,2192;+33;
969;Abdysh-Ata Kant;KGZ;AFC;Pitch;❖;0,2191;-273;
970;Remo Stars;NGA;CAF;Pitch;❖;0,2190;+10;
971;Aktobe FK;KAZ;UEFA;Pitch;❖;0,2189;-35;
972;Madura United;IDN;AFC;Pitch;❖;0,2188;+29;
973;Cuiabá;BRA;CONMEBOL;Pitch;❖;0,2187;+5;
974;Universidad Central;VEN;CONMEBOL;Pitch;❖;0,2186;+27;
975;Neman Grodno;BLR;UEFA;Pitch;❖;0,2185;-133;
976;Al-Ittihad Tripoli;LBY;CAF;Pitch;❖;0,2184;-22;
977;All Saints United;ATG;CONCACAF;Pitch;❖;0,2183;-76;
978;Dong A Thanh Hoa;VIE;AFC;Pitch;❖;0,2182;+23;
979;Ordabasy Shymkent;KAZ;UEFA;Pitch;❖;0,2181;+22;
980;FK Sarajevo;BIH;UEFA;Pitch;❖;0,2180;+21;
981;Tampereen Ilves;FIN;UEFA;Pitch;❖;0,2179;-89;
982;Linfield FC;NIR;UEFA;Pitch;❖;0,2178;+19;
983;Borneo Samarinda;IDN;AFC;Pitch;❖;0,2177;+18;
984;Željezničar Sarajevo;BIH;UEFA;Pitch;❖;0,2176;+17;
985;Dungannon Swifts;NIR;UEFA;Pitch;❖;0,2175;-88;
986;Juventus des Cayes;HAI;CONCACAF;Pitch;❖;0,2174;+15;
987;Lautoka;FIJ;OFC;Pitch;❖;0,2173;-47;
988;Mansfield Town;ENG;UEFA;Pitch;❖;0,2172;+13;
989;Djoliba;MLI;CAF;Pitch;❖;0,2171;-51;
990;AC Port of Spain;TRI;CONCACAF;Pitch;❖;0,2170;-82;
991;Eastern;HKG;AFC;Pitch;❖;0,2169;+10;
992;Rahimo FC;BFA;CAF;Pitch;❖;0,2168;-5;
993;Pyunik;ARM;UEFA;Pitch;❖;0,2167;-102;
994;Génération Foot;SEN;CAF;Pitch;❖;0,2166;+7;
995;Farense;POR;UEFA;Pitch;❖;0,2165;-568;
996;ZESCO United;ZAM;CAF;Pitch;❖;0,2164;-7;
997;Ararat-Armenia;ARM;UEFA;Pitch;❖;0,2163;+1;
998;Abia Warriors;NGA;CAF;Pitch;❖;0,2162;+3;
999;Aigle Royal Menoua;CMR;CAF;Pitch;❖;0,2161;+2;
1000;Penybont;WAL;UEFA;Pitch;❖;0,2160;-17;
1001;Other clubs in the world;;;Pitch;❖;<0,2160;;
